temporada,rodada,timeA,timeB,resultado
2024,1,Internacional,Bahia,2x1
2024,1,Criciúma,Juventude,1x1
2024,1,Fluminense,Bragantino,2x2
2024,1,São Paulo,Fortaleza,1x2
2024,1,Atlético-GO,Flamengo,1x2
2024,1,Vasco,Grêmio,2x1
2024,1,Corinthians,Atlético-MG,0x0
2024,1,Athletico-PR,Cuiabá,4x0
2024,1,Cruzeiro,Botafogo,3x2
2024,1,Vitória,Palmeiras,0x1
2024,2,Bahia,Fluminense,2x1
2024,2,Grêmio,Athletico-PR,2x0
2024,2,Atlético-MG,Criciúma,1x1
2024,2,Bragantino,Vasco,2x1
2024,2,Fortaleza,Cruzeiro,1x1
2024,2,Juventude,Corinthians,2x0
2024,2,Palmeiras,Internacional,0x1
2024,2,Flamengo,São Paulo,2x1
2024,2,Botafogo,Atlético-GO,1x0
2024,2,Cuiabá,Vitória,0x0
2024,3,Fluminense,Vasco,2x1
2024,3,Grêmio,Cuiabá,1x0
2024,3,Bragantino,Corinthians,1x0
2024,3,Atlético-MG,Cruzeiro,3x0
2024,3,Vitória,Bahia,2x2
2024,3,Palmeiras,Flamengo,0x0
2024,3,Athletico-PR,Internacional,1x0
2024,3,Botafogo,Juventude,5x1
2024,3,Atlético-GO,São Paulo,0x3
2024,3,Criciúma,Fortaleza,1x1
2024,4,Vasco,Criciúma,0x4
2024,4,Cuiabá,Atlético-MG,0x3
2024,4,Bahia,Grêmio,1x0
2024,4,Flamengo,Botafogo,0x2
2024,4,Cruzeiro,Vitória,3x1
2024,4,Corinthians,Fluminense,3x0
2024,4,Fortaleza,Bragantino,1x1
2024,4,Juventude,Athletico-PR,1x1
2024,4,Internacional,Atlético-GO,1x1
2024,4,São Paulo,Palmeiras,0x0
2024,5,Fluminense,Atlético-MG,2x2
2024,5,Bragantino,Flamengo,1x1
2024,5,Corinthians,Fortaleza,0x0
2024,5,Vitória,São Paulo,1x3
2024,5,Athletico-PR,Vasco,1x0
2024,5,Botafogo,Bahia,1x2
2024,5,Cuiabá,Palmeiras,0x2
2024,5,Juventude,Atlético-GO,1x0
2024,5,Cruzeiro,Internacional,0x0
2024,5,Grêmio,Criciúma,1x2
2024,6,Flamengo,Corinthians,2x0
2024,6,Vasco,Vitória,2x1
2024,6,Atlético-GO,Cruzeiro,0x1
2024,6,Palmeiras,Athletico-PR,0x2
2024,6,Fortaleza,Botafogo,1x1
2024,6,Bahia,Bragantino,1x0
2024,6,São Paulo,Fluminense,2x1
2024,6,Criciúma,Cuiabá,2x5
2024,6,Atlético-MG,Grêmio,2x1
2024,6,Internacional,Juventude,2x1
2024,7,Vitória,Atlético-GO,0x2
2024,7,Grêmio,Bragantino,0x2
2024,7,Cuiabá,Internacional,0x1
2024,7,Fluminense,Juventude,1x1
2024,7,Corinthians,Botafogo,0x1
2024,7,Vasco,Flamengo,1x6
2024,7,Criciúma,Palmeiras,1x2
2024,7,Atlético-MG,Bahia,1x1
2024,7,Fortaleza,Athletico-PR,1x0
2024,7,São Paulo,Cruzeiro,2x0
2024,8,Juventude,Vitória,1x1
2024,8,Atlético-GO,Corinthians,2x2
2024,8,Botafogo,Fluminense,1x0
2024,8,Bragantino,Atlético-MG,1x2
2024,8,Cruzeiro,Cuiabá,2x1
2024,8,Athletico-PR,Criciúma,3x1
2024,8,Flamengo,Grêmio,2x1
2024,8,Internacional,São Paulo,0x0
2024,8,Palmeiras,Vasco,2x0
2024,8,Bahia,Fortaleza,1x0
2024,9,Bragantino,Juventude,2x1
2024,9,Fluminense,Atlético-GO,1x2
2024,9,Vitória,Internacional,2x1
2024,9,Athletico-PR,Flamengo,1x1
2024,9,Corinthians,São Paulo,2x2
2024,9,Criciúma,Bahia,2x2
2024,9,Grêmio,Botafogo,1x2
2024,9,Vasco,Cruzeiro,0x0
2024,9,Cuiabá,Fortaleza,5x0
2024,9,Atlético-MG,Palmeiras,0x4
2024,10,Botafogo,Athletico-PR,1x1
2024,10,Atlético-GO,Criciúma,1x2
2024,10,Fortaleza,Grêmio,1x0
2024,10,Juventude,Vasco,2x0
2024,10,São Paulo,Cuiabá,0x1
2024,10,Internacional,Corinthians,1x0
2024,10,Cruzeiro,Fluminense,2x0
2024,10,Vitória,Atlético-MG,4x2
2024,10,Flamengo,Bahia,2x1
2024,10,Palmeiras,Bragantino,2x1
2024,11,Criciúma,Botafogo,2x1
2024,11,Grêmio,Internacional,0x1
2024,11,Cuiabá,Atlético-GO,0x0
2024,11,Vasco,São Paulo,4x1
2024,11,Fluminense,Flamengo,0x1
2024,11,Athletico-PR,Corinthians,1x1
2024,11,Bahia,Cruzeiro,4x1
2024,11,Palmeiras,Juventude,3x1
2024,11,Bragantino,Vitória,2x1
2024,11,Atlético-MG,Fortaleza,1x1
2024,12,Cruzeiro,Athletico-PR,2x0
2024,12,Botafogo,Bragantino,2x1
2024,12,Corinthians,Cuiabá,1x1
2024,12,Juventude,Flamengo,2x1
2024,12,Atlético-GO,Grêmio,1x1
2024,12,Bahia,Vasco,2x1
2024,12,Internacional,Atlético-MG,1x1
2024,12,Fortaleza,Palmeiras,3x0
2024,12,Fluminense,Vitória,0x1
2024,12,São Paulo,Criciúma,2x1
2024,13,Cuiabá,Bragantino,1x1
2024,13,Vasco,Botafogo,1x1
2024,13,Atlético-MG,Atlético-GO,1x1
2024,13,São Paulo,Bahia,3x1
2024,13,Grêmio,Fluminense,1x0
2024,13,Fortaleza,Juventude,2x1
2024,13,Vitória,Athletico-PR,0x1
2024,13,Flamengo,Cruzeiro,2x1
2024,13,Criciúma,Internacional,1x1
2024,13,Palmeiras,Corinthians,2x0
2024,14,Bragantino,Atlético-GO,3x1
2024,14,Cuiabá,Botafogo,1x2
2024,14,Criciúma,Cruzeiro,1x0
2024,14,Vasco,Fortaleza,2x0
2024,14,Athletico-PR,São Paulo,1x2
2024,14,Atlético-MG,Flamengo,2x4
2024,14,Grêmio,Palmeiras,2x2
2024,14,Bahia,Juventude,2x0
2024,14,Corinthians,Vitória,3x2
2024,14,Fluminense,Internacional,1x1
2024,15,Flamengo,Cuiabá,1x1
2024,15,São Paulo,Bragantino,2x0
2024,15,Cruzeiro,Corinthians,3x0
2024,15,Juventude,Grêmio,3x0
2024,15,Palmeiras,Bahia,2x0
2024,15,Fortaleza,Fluminense,1x0
2024,15,Botafogo,Atlético-MG,3x0
2024,15,Vitória,Criciúma,2x1
2024,15,Atlético-GO,Athletico-PR,1x2
2024,15,Internacional,Vasco,1x2
2024,16,Grêmio,Cruzeiro,0x2
2024,16,Vasco,Corinthians,2x0
2024,16,Athletico-PR,Bahia,1x3
2024,16,Atlético-MG,São Paulo,2x1
2024,16,Vitória,Botafogo,0x1
2024,16,Flamengo,Fortaleza,1x2
2024,16,Palmeiras,Atlético-GO,3x1
2024,16,Criciúma,Fluminense,1x1
2024,16,Cuiabá,Juventude,0x0
2024,16,Bragantino,Internacional,2x2
2024,17,Cruzeiro,Bragantino,2x1
2024,17,Bahia,Cuiabá,1x2
2024,17,Corinthians,Criciúma,2x1
2024,17,Juventude,Atlético-MG,1x1
2024,17,Botafogo,Palmeiras,1x0
2024,17,São Paulo,Grêmio,1x0
2024,17,Fortaleza,Vitória,3x1
2024,17,Atlético-GO,Vasco,0x1
2024,17,Internacional,Flamengo,1x1
2024,17,Fluminense,Athletico-PR,1x0
2024,18,Flamengo,Criciúma,2x1
2024,18,Botafogo,Internacional,1x0
2024,18,Palmeiras,Cruzeiro,2x0
2024,18,Grêmio,Vitória,2x0
2024,18,Atlético-MG,Vasco,2x0
2024,18,Bahia,Corinthians,0x1
2024,18,Bragantino,Athletico-PR,1x0
2024,18,Fortaleza,Atlético-GO,3x1
2024,18,Cuiabá,Fluminense,0x1
2024,18,Juventude,São Paulo,0x0
2024,19,Cruzeiro,Juventude,2x0
2024,19,Vitória,Flamengo,1x2
2024,19,São Paulo,Botafogo,2x2
2024,19,Atlético-GO,Bahia,1x1
2024,19,Fluminense,Palmeiras,1x0
2024,19,Corinthians,Grêmio,2x2
2024,19,Internacional,Fortaleza,2x1
2024,19,Vasco,Cuiabá,1x0
2024,19,Athletico-PR,Atlético-MG,1x0
2024,19,Criciúma,Bragantino,1x0
2024,20,Palmeiras,Vitória,0x2
2024,20,Juventude,Criciúma,1x2
2024,20,Bahia,Internacional,1x1
2024,20,Botafogo,Cruzeiro,0x3
2024,20,Fortaleza,São Paulo,1x0
2024,20,Grêmio,Vasco,1x0
2024,20,Atlético-MG,Corinthians,2x1
2024,20,Flamengo,Atlético-GO,2x0
2024,20,Bragantino,Fluminense,0x1
2024,20,Cuiabá,Athletico-PR,1x2
2024,21,Vitória,Cuiabá,1x0
2024,21,Vasco,Bragantino,2x2
2024,21,São Paulo,Flamengo,1x0
2024,21,Atlético-GO,Botafogo,1x4
2024,21,Criciúma,Atlético-MG,2x1
2024,21,Corinthians,Juventude,1x1
2024,21,Internacional,Palmeiras,1x1
2024,21,Fluminense,Bahia,1x0
2024,21,Athletico-PR,Grêmio,0x2
2024,21,Cruzeiro,Fortaleza,1x2
2024,22,Cruzeiro,Atlético-MG,0x0
2024,22,Vasco,Fluminense,2x0
2024,22,Corinthians,Bragantino,1x1
2024,22,Fortaleza,Criciúma,1x0
2024,22,Cuiabá,Grêmio,1x3
2024,22,Juventude,Botafogo,3x2
2024,22,Internacional,Athletico-PR,2x2
2024,22,Bahia,Vitória,2x0
2024,22,Flamengo,Palmeiras,1x1
2024,22,São Paulo,Atlético-GO,1x0
2024,23,Grêmio,Bahia,0x2
2024,23,Atlético-MG,Cuiabá,1x1
2024,23,Vitória,Cruzeiro,2x2
2024,23,Fluminense,Corinthians,0x0
2024,23,Botafogo,Flamengo,4x1
2024,23,Palmeiras,São Paulo,2x1
2024,23,Bragantino,Fortaleza,1x2
2024,23,Athletico-PR,Juventude,1x2
2024,23,Atlético-GO,Internacional,1x0
2024,23,Criciúma,Vasco,2x2
2024,24,Atlético-GO,Juventude,2x1
2024,24,Palmeiras,Cuiabá,5x0
2024,24,Atlético-MG,Fluminense,0x2
2024,24,Internacional,Cruzeiro,1x0
2024,24,Bahia,Botafogo,0x0
2024,24,Flamengo,Bragantino,2x1
2024,24,São Paulo,Vitória,2x1
2024,24,Fortaleza,Corinthians,1x0
2024,24,Criciúma,Grêmio,0x1
2024,24,Vasco,Athletico-PR,2x1
2024,25,Cuiabá,Criciúma,2x1
2024,25,Botafogo,Fortaleza,2x0
2024,25,Grêmio,Atlético-MG,2x3
2024,25,Cruzeiro,Atlético-GO,3x1
2024,25,Vitória,Vasco,0x1
2024,25,Fluminense,São Paulo,2x0
2024,25,Corinthians,Flamengo,2x1
2024,25,Bragantino,Bahia,2x1
2024,25,Athletico-PR,Palmeiras,0x2
2024,25,Juventude,Internacional,1x3
2024,26,Internacional,Cuiabá,3x0
2024,26,Cruzeiro,São Paulo,0x1
2024,26,Bahia,Atlético-MG,3x0
2024,26,Flamengo,Vasco,1x1
2024,26,Botafogo,Corinthians,2x1
2024,26,Palmeiras,Criciúma,5x0
2024,26,Bragantino,Grêmio,2x2
2024,26,Athletico-PR,Fortaleza,1x1
2024,26,Atlético-GO,Vitória,0x2
2024,26,Juventude,Fluminense,2x1
2024,27,Grêmio,Flamengo,3x2
2024,27,Atlético-MG,Bragantino,3x0
2024,27,Vitória,Juventude,1x0
2024,27,Fluminense,Botafogo,0x1
2024,27,Vasco,Palmeiras,0x1
2024,27,Corinthians,Atlético-GO,3x0
2024,27,São Paulo,Internacional,1x3
2024,27,Fortaleza,Bahia,4x1
2024,27,Cuiabá,Cruzeiro,0x0
2024,27,Criciúma,Athletico-PR,0x0
2024,28,Palmeiras,Atlético-MG,2x1
2024,28,Botafogo,Grêmio,0x0
2024,28,Internacional,Vitória,3x1
2024,28,Cruzeiro,Vasco,1x1
2024,28,Bahia,Criciúma,1x0
2024,28,Flamengo,Athletico-PR,1x0
2024,28,São Paulo,Corinthians,3x1
2024,28,Fortaleza,Cuiabá,1x0
2024,28,Atlético-GO,Fluminense,1x0
2024,28,Juventude,Bragantino,1x1
2024,29,Grêmio,Fortaleza,3x1
2024,29,Atlético-MG,Vitória,2x2
2024,29,Bahia,Flamengo,0x2
2024,29,Fluminense,Cruzeiro,1x0
2024,29,Vasco,Juventude,1x1
2024,29,Corinthians,Internacional,2x2
2024,29,Bragantino,Palmeiras,0x0
2024,29,Athletico-PR,Botafogo,0x1
2024,29,Cuiabá,São Paulo,2x0
2024,29,Criciúma,Atlético-GO,2x0
2024,30,São Paulo,Vasco,3x0
2024,30,Fortaleza,Atlético-MG,1x1
2024,30,Corinthians,Athletico-PR,5x2
2024,30,Flamengo,Fluminense,0x2
2024,30,Atlético-GO,Cuiabá,0x0
2024,30,Botafogo,Criciúma,1x1
2024,30,Cruzeiro,Bahia,1x1
2024,30,Internacional,Grêmio,1x0
2024,30,Vitória,Bragantino,1x0
2024,30,Juventude,Palmeiras,3x5
2024,31,Grêmio,Atlético-GO,3x1
2024,31,Atlético-MG,Internacional,1x3
2024,31,Vitória,Fluminense,2x1
2024,31,Flamengo,Juventude,4x2
2024,31,Vasco,Bahia,3x2
2024,31,Palmeiras,Fortaleza,2x2
2024,31,Bragantino,Botafogo,0x1
2024,31,Athletico-PR,Cruzeiro,3x0
2024,31,Cuiabá,Corinthians,0x1
2024,31,Criciúma,São Paulo,1x1
2024,32,Internacional,Criciúma,2x0
2024,32,Cruzeiro,Flamengo,0x1
2024,32,Bahia,São Paulo,0x3
2024,32,Fluminense,Grêmio,2x2
2024,32,Botafogo,Vasco,3x0
2024,32,Corinthians,Palmeiras,2x0
2024,32,Bragantino,Cuiabá,0x0
2024,32,Athletico-PR,Vitória,1x2
2024,32,Atlético-GO,Atlético-MG,1x0
2024,32,Juventude,Fortaleza,0x3
2024,33,Internacional,Fluminense,2x0
2024,33,Cruzeiro,Criciúma,2x1
2024,33,Vitória,Corinthians,1x2
2024,33,Flamengo,Atlético-MG,0x0
2024,33,Botafogo,Cuiabá,0x0
2024,33,Palmeiras,Grêmio,1x0
2024,33,São Paulo,Athletico-PR,2x1
2024,33,Fortaleza,Vasco,3x0
2024,33,Atlético-GO,Bragantino,0x0
2024,33,Juventude,Bahia,2x1
2024,34,Corinthians,Cruzeiro,2x1
2024,34,Athletico-PR,Atlético-GO,2x0
2024,34,Bragantino,São Paulo,1x1
2024,34,Criciúma,Vitória,0x1
2024,34,Grêmio,Juventude,2x2
2024,34,Atlético-MG,Botafogo,0x0
2024,34,Bahia,Palmeiras,1x2
2024,34,Cuiabá,Flamengo,1x2
2024,34,Fluminense,Fortaleza,2x2
2024,34,Vasco,Internacional,0x1
2024,35,Internacional,Bragantino,4x1
2024,35,Bahia,Athletico-PR,1x1
2024,35,Botafogo,Vitória,1x1
2024,35,Corinthians,Vasco,3x1
2024,35,São Paulo,Atlético-MG,2x2
2024,35,Fortaleza,Flamengo,0x0
2024,35,Atlético-GO,Palmeiras,0x1
2024,35,Juventude,Cuiabá,1x1
2024,35,Cruzeiro,Grêmio,1x1
2024,35,Fluminense,Criciúma,0x0
2024,36,Grêmio,São Paulo,2x1
2024,36,Atlético-MG,Juventude,2x3
2024,36,Vitória,Fortaleza,2x0
2024,36,Flamengo,Internacional,3x2
2024,36,Vasco,Atlético-GO,2x2
2024,36,Palmeiras,Botafogo,1x3
2024,36,Bragantino,Cruzeiro,1x1
2024,36,Athletico-PR,Fluminense,1x1
2024,36,Cuiabá,Bahia,1x2
2024,36,Criciúma,Corinthians,2x4
2024,37,Internacional,Botafogo,0x1
2024,37,Cruzeiro,Palmeiras,1x2
2024,37,Vitória,Grêmio,1x1
2024,37,Fluminense,Cuiabá,1x0
2024,37,Vasco,Atlético-MG,2x0
2024,37,Corinthians,Bahia,3x0
2024,37,São Paulo,Juventude,1x2
2024,37,Athletico-PR,Bragantino,0x1
2024,37,Atlético-GO,Fortaleza,3x1
2024,37,Criciúma,Flamengo,0x3
2024,38,Grêmio,Corinthians,0x3
2024,38,Atlético-MG,Athletico-PR,1x0
2024,38,Bahia,Atlético-GO,2x0
2024,38,Flamengo,Vitória,2x2
2024,38,Botafogo,São Paulo,2x1
2024,38,Palmeiras,Fluminense,0x1
2024,38,Bragantino,Criciúma,5x1
2024,38,Fortaleza,Internacional,3x0
2024,38,Cuiabá,Vasco,1x2
2024,38,Juventude,Cruzeiro,0x1
2025,1,São Paulo,Sport,0x0
2025,1,Cruzeiro,Mirassol,2x1
2025,1,Grêmio,Atlético-MG,2x1
2025,1,Fortaleza,Fluminense,2x0
2025,1,Juventude,Vitória,2x0
2025,1,Flamengo,Internacional,1x1
2025,1,Palmeiras,Botafogo,0x0
2025,1,Vasco,Santos,2x1
2025,1,Bahia,Corinthians,1x1
2025,1,Bragantino,Ceará,2x2
2025,2,Corinthians,Vasco,3x0
2025,2,Ceará,Grêmio,2x0
2025,2,Botafogo,Juventude,2x0
2025,2,Fluminense,Bragantino,2x1
2025,2,Atlético-MG,São Paulo,0x0
2025,2,Mirassol,Fortaleza,1x1
2025,2,Internacional,Cruzeiro,3x0
2025,2,Vitória,Flamengo,1x2
2025,2,Sport,Palmeiras,1x2
2025,2,Santos,Bahia,2x2
2025,3,Bragantino,Botafogo,1x0
2025,3,Juventude,Ceará,2x1
2025,3,Palmeiras,Corinthians,2x0
2025,3,Vasco,Sport,3x1
2025,3,Bahia,Mirassol,1x1
2025,3,São Paulo,Cruzeiro,1x1
2025,3,Grêmio,Flamengo,0x2
2025,3,Fluminense,Santos,1x0
2025,3,Fortaleza,Internacional,0x0
2025,3,Atlético-MG,Vitória,2x2
2025,4,Ceará,Vasco,2x1
2025,4,Botafogo,São Paulo,2x2
2025,4,Mirassol,Grêmio,4x1
2025,4,Sport,Bragantino,0x1
2025,4,Corinthians,Fluminense,0x2
2025,4,Internacional,Palmeiras,0x1
2025,4,Flamengo,Juventude,6x0
2025,4,Santos,Atlético-MG,2x0
2025,4,Vitória,Fortaleza,2x1
2025,4,Cruzeiro,Bahia,3x0
2025,5,Corinthians,Sport,2x1
2025,5,Vasco,Flamengo,0x0
2025,5,Grêmio,Internacional,1x1
2025,5,Juventude,Mirassol,2x2
2025,5,São Paulo,Santos,2x1
2025,5,Atlético-MG,Botafogo,1x0
2025,5,Fluminense,Vitória,1x1
2025,5,Fortaleza,Palmeiras,1x2
2025,5,Bragantino,Cruzeiro,1x0
2025,5,Bahia,Ceará,1x0
2025,6,Internacional,Juventude,3x1
2025,6,Mirassol,Atlético-MG,2x2
2025,6,Ceará,São Paulo,1x1
2025,6,Sport,Fortaleza,0x0
2025,6,Botafogo,Fluminense,2x0
2025,6,Flamengo,Corinthians,4x0
2025,6,Palmeiras,Bahia,0x1
2025,6,Cruzeiro,Vasco,1x0
2025,6,Vitória,Grêmio,1x1
2025,6,Santos,Bragantino,1x2